State,County,Category,IND_Value,DLR_Value,Market_Share_Percent,EA_Breadth_Percent,HEA_Depth_Percent,Tech_Adoption_Percent,PAES_Percent
OR,"Wheeler","< 50 EHP",0.008,0.016,200,,,,
NV,"Mineral","< 50 EHP",0.016,0.016,100,,,,
WA,"Asotin","< 50 EHP",0.066,0.041,62.121212121212125,,,,
WA,"Columbia","< 50 EHP",0.09,0.049,54.44444444444445,,,,
WA,"Walla Walla","< 50 EHP",0.329,0.174,52.887537993920965,,,,
WA,"Grant","< 50 EHP",0.418,0.214,51.196172248803826,,,,
CA,"Sutter","< 50 EHP",0.477,0.242,50.73375262054507,,,,
CA,"Del Norte","< 50 EHP",0.164,0.082,50,,,,
OR,"Yamhill","< 50 EHP",1.712,0.789,46.08644859813084,,,,
OR,"Linn","< 50 EHP",1.689,0.722,42.74718768502072,,,,
WA,"Kittitas","< 50 EHP",1.157,0.494,42.69662921348314,,,,
WA,"Yakima","< 50 EHP",1.224,0.511,41.748366013071895,,,,
OR,"Marion","< 50 EHP",3.269,1.36,41.60293667788314,,,,
WA,"San Juan","< 50 EHP",0.139,0.057,41.007194244604314,,,,
WA,"Pacific","< 50 EHP",0.144,0.057,39.583333333333336,,,,
WA,"Douglas","< 50 EHP",0.167,0.066,39.52095808383233,,,,
WA,"Lincoln","< 50 EHP",0.196,0.074,37.755102040816325,,,,
OR,"Clackamas","< 50 EHP",4.305,1.464,34.00696864111498,,,,
OR,"Multnomah","< 50 EHP",0.565,0.186,32.92035398230089,,,,
OR,"Josephine","< 50 EHP",1.404,0.445,31.695156695156694,,,,
ID,"Nez Perce","< 50 EHP",0.19,0.059,31.052631578947366,,,,
CA,"Plumas","< 50 EHP",0.188,0.057,30.319148936170215,,,,
WA,"Wahkiakum","< 50 EHP",0.053,0.016,30.18867924528302,,,,
OR,"Douglas","< 50 EHP",2.584,0.773,29.914860681114554,,,,
CA,"Sacramento","< 50 EHP",1.391,0.408,29.331416247304094,,,,
OR,"Washington","< 50 EHP",2.523,0.733,29.05271502179944,,,,
OR,"Crook","< 50 EHP",0.898,0.259,28.84187082405345,,,,
OR,"Curry","< 50 EHP",0.23,0.066,28.695652173913043,,,,
OR,"Jackson","< 50 EHP",2.496,0.715,28.645833333333332,,,,
ID,"Bonner","< 50 EHP",1.311,0.375,28.604118993135014,,,,
WA,"Ferry","< 50 EHP",0.161,0.046,28.57142857142857,,,,
OR,"Tillamook","< 50 EHP",0.26,0.07,26.923076923076927,,,,
OR,"Lincoln","< 50 EHP",0.498,0.131,26.305220883534137,,,,
WA,"King","< 50 EHP",3.926,1.002,25.52215995924605,,,,
OR,"Jefferson","< 50 EHP",0.482,0.123,25.518672199170123,,,,
WA,"Island","< 50 EHP",1.256,0.317,25.238853503184718,,,,
WA,"Okanogan","< 50 EHP",1.289,0.321,24.903025601241275,,,,
CA,"Butte","< 50 EHP",2.523,0.622,24.65319064605628,,,,
WA,"Lewis","< 50 EHP",3.301,0.808,24.477431081490458,,,,
NV,"Humboldt","< 50 EHP",0.137,0.033,24.08759124087591,,,,
CA,"Yuba","< 50 EHP",1.026,0.246,23.976608187134502,,,,
CA,"Yolo","< 50 EHP",0.623,0.149,23.91653290529695,,,,
CA,"Trinity","< 50 EHP",0.205,0.049,23.902439024390247,,,,
WA,"Pierce","< 50 EHP",4.368,1.037,23.740842490842486,,,,
HI,"Maui","< 50 EHP",0.849,0.198,23.321554770318023,,,,
NV,"Churchill","< 50 EHP",0.684,0.156,22.807017543859647,,,,
ID,"Benewah","< 50 EHP",0.36,0.082,22.77777777777778,,,,
WA,"Snohomish","< 50 EHP",4.597,1.041,22.64520339351751,,,,
OR,"Lane","< 50 EHP",4.11,0.914,22.238442822384428,,,,
WA,"Whitman","< 50 EHP",0.333,0.074,22.22222222222222,,,,
HI,"Honolulu","< 50 EHP",1.25,0.272,21.76,,,,
OR,"Deschutes","< 50 EHP",3.441,0.744,21.62162162162162,,,,
WA,"Skagit","< 50 EHP",1.262,0.271,21.473851030110936,,,,
OR,"Hood River","< 50 EHP",0.317,0.066,20.82018927444795,,,,
CA,"Modoc","< 50 EHP",0.206,0.041,19.902912621359224,,,,
WA,"Whatcom","< 50 EHP",2.241,0.445,19.857206604194555,,,,
ID,"Latah","< 50 EHP",0.38,0.074,19.473684210526315,,,,
CA,"Nevada","< 50 EHP",0.489,0.095,19.427402862985684,,,,
CA,"Colusa","< 50 EHP",0.215,0.041,19.069767441860467,,,,
WA,"Thurston","< 50 EHP",2.582,0.483,18.70642912470953,,,,
WA,"Kitsap","< 50 EHP",2.158,0.399,18.48934198331789,,,,
MT,"Lincoln","< 50 EHP",0.313,0.057,18.210862619808307,,,,
WA,"Clark","< 50 EHP",1.743,0.317,18.18703384968445,,,,
NV,"Lyon","< 50 EHP",1.228,0.222,18.078175895765472,,,,
CA,"Siskiyou","< 50 EHP",1.348,0.222,16.468842729970326,,,,
HI,"Hawaii","< 50 EHP",1.875,0.303,16.16,,,,
CA,"Glenn","< 50 EHP",0.434,0.066,15.207373271889402,,,,
OR,"Benton","< 50 EHP",0.692,0.103,14.884393063583815,,,,
OR,"Columbia","< 50 EHP",1.148,0.164,14.285714285714288,,,,
NV,"Douglas","< 50 EHP",0.349,0.049,14.040114613180519,,,,
WA,"Mason","< 50 EHP",1.001,0.139,13.886113886113888,,,,
WA,"Cowlitz","< 50 EHP",0.855,0.112,13.099415204678364,,,,
OR,"Clatsop","< 50 EHP",0.257,0.033,12.840466926070041,,,,
OR,"Klamath","< 50 EHP",2.227,0.272,12.213740458015268,,,,
OR,"Polk","< 50 EHP",0.925,0.107,11.567567567567567,,,,
WA,"Spokane","< 50 EHP",4.83,0.552,11.428571428571429,,,,
OR,"Wasco","< 50 EHP",0.144,0.016,11.111111111111112,,,,
OR,"Umatilla","< 50 EHP",0.666,0.074,11.11111111111111,,,,
ID,"Boundary","< 50 EHP",0.416,0.046,11.057692307692308,,,,
CA,"Solano","< 50 EHP",1.071,0.112,10.457516339869281,,,,
WA,"Grays Harbor","< 50 EHP",1.18,0.12,10.16949152542373,,,,
HI,"Kauai","< 50 EHP",0.429,0.041,9.557109557109559,,,,
WA,"Jefferson","< 50 EHP",0.35,0.033,9.428571428571429,,,,
CA,"El Dorado","< 50 EHP",2.503,0.231,9.228925289652418,,,,
CA,"Humboldt","< 50 EHP",0.714,0.062,8.683473389355742,,,,
WA,"Chelan","< 50 EHP",1.314,0.099,7.534246575342466,,,,
WA,"Pend Oreille","< 50 EHP",0.616,0.046,7.467532467532467,,,,
CA,"Shasta","< 50 EHP",3.272,0.227,6.937652811735942,,,,
OR,"Coos","< 50 EHP",0.934,0.062,6.638115631691649,,,,
CA,"Placer","< 50 EHP",3.103,0.205,6.606509829197551,,,,
WA,"Clallam","< 50 EHP",0.84,0.049,5.833333333333334,,,,
CA,"Tehama","< 50 EHP",1.694,0.095,5.6080283353010625,,,,
MT,"Sanders","< 50 EHP",0.286,0.016,5.594405594405595,,,,
NV,"Washoe","< 50 EHP",0.885,0.049,5.536723163841808,,,,
WA,"Stevens","< 50 EHP",1.895,0.062,3.271767810026385,,,,
ID,"Kootenai","< 50 EHP",1.493,0.029,1.942397856664434,,,,
CA,"Lassen","< 50 EHP",0.532,0,0,,,,
OR,"Lake","< 50 EHP",0.333,0,0,,,,
CA,"Tuolumne","< 50 EHP",0.31,0,0,,,,
NV,"Carson City","< 50 EHP",0.177,0,0,,,,
OR,"Harney","< 50 EHP",0.158,0,0,,,,
WA,"Skamania","< 50 EHP",0.148,0,0,,,,
NV,"Nye","< 50 EHP",0.144,0,0,,,,
NV,"Pershing","< 50 EHP",0.12,0,0,,,,
ID,"Shoshone","< 50 EHP",0.115,0,0,,,,
CA,"Mono","< 50 EHP",0.107,0,0,,,,
NV,"Lander","< 50 EHP",0.09,0,0,,,,
NV,"Storey","< 50 EHP",0.038,0,0,,,,
WA,"Garfield","< 50 EHP",0.029,0,0,,,,
CA,"Alpine","< 50 EHP",0.016,0,0,,,,
CA,"Sierra","< 50 EHP",0.016,0,0,,,,
NV,"Eureka","< 50 EHP",0.016,0,0,,,,
CA,"Plumas","50 < 100 EHP",0.033,0.066,200,,,,
CA,"Modoc","50 < 100 EHP",0.178,0.178,100,,,,
WA,"San Juan","50 < 100 EHP",0.064,0.064,100,,,,
CA,"Mono","50 < 100 EHP",0.038,0.038,100,,,,
ID,"Benewah","50 < 100 EHP",0.089,0.07,78.65168539325845,,,,
NV,"Douglas","50 < 100 EHP",0.058,0.038,65.51724137931035,,,,
WA,"Pierce","50 < 100 EHP",0.746,0.464,62.198391420911534,,,,
CA,"Lassen","50 < 100 EHP",0.329,0.202,61.39817629179332,,,,
OR,"Multnomah","50 < 100 EHP",0.207,0.115,55.55555555555556,,,,
WA,"Whitman","50 < 100 EHP",0.07,0.038,54.285714285714285,,,,
CA,"Yolo","50 < 100 EHP",0.533,0.289,54.22138836772983,,,,
OR,"Josephine","50 < 100 EHP",0.45,0.236,52.444444444444436,,,,
NV,"Washoe","50 < 100 EHP",0.288,0.142,49.30555555555555,,,,
WA,"Kittitas","50 < 100 EHP",0.389,0.187,48.0719794344473,,,,
OR,"Polk","50 < 100 EHP",0.612,0.281,45.915032679738566,,,,
WA,"Ferry","50 < 100 EHP",0.083,0.038,45.78313253012048,,,,
CA,"Butte","50 < 100 EHP",0.869,0.396,45.56962025316456,,,,
OR,"Jackson","50 < 100 EHP",0.989,0.444,44.893832153690596,,,,
CA,"Colusa","50 < 100 EHP",0.386,0.165,42.74611398963731,,,,
CA,"Humboldt","50 < 100 EHP",0.282,0.117,41.48936170212767,,,,
CA,"Sacramento","50 < 100 EHP",0.788,0.314,39.847715736040605,,,,
WA,"King","50 < 100 EHP",1.233,0.485,39.33495539334955,,,,
WA,"Grant","50 < 100 EHP",1.583,0.608,38.40808591282375,,,,
OR,"Marion","50 < 100 EHP",1.523,0.559,36.70387393302693,,,,
NV,"Churchill","50 < 100 EHP",0.104,0.038,36.53846153846154,,,,
WA,"Walla Walla","50 < 100 EHP",0.351,0.124,35.327635327635335,,,,
WA,"Lewis","50 < 100 EHP",0.71,0.24,33.80281690140845,,,,
CA,"Tehama","50 < 100 EHP",0.756,0.244,32.27513227513227,,,,
WA,"Skagit","50 < 100 EHP",0.528,0.17,32.196969696969695,,,,
OR,"Linn","50 < 100 EHP",0.72,0.225,31.25,,,,
OR,"Jefferson","50 < 100 EHP",0.214,0.066,30.841121495327105,,,,
OR,"Tillamook","50 < 100 EHP",0.125,0.038,30.4,,,,
WA,"Lincoln","50 < 100 EHP",0.126,0.038,30.158730158730158,,,,
WA,"Okanogan","50 < 100 EHP",0.542,0.155,28.597785977859775,,,,
OR,"Yamhill","50 < 100 EHP",2.094,0.593,28.319006685768866,,,,
WA,"Mason","50 < 100 EHP",0.14,0.038,27.142857142857142,,,,
OR,"Clackamas","50 < 100 EHP",2.016,0.545,27.03373015873016,,,,
OR,"Crook","50 < 100 EHP",0.297,0.079,26.599326599326602,,,,
OR,"Coos","50 < 100 EHP",0.147,0.038,25.850340136054424,,,,
WA,"Thurston","50 < 100 EHP",0.587,0.151,25.724020442930158,,,,
OR,"Washington","50 < 100 EHP",1.689,0.423,25.044404973357015,,,,
OR,"Wasco","50 < 100 EHP",0.261,0.064,24.521072796934863,,,,
MT,"Sanders","50 < 100 EHP",0.192,0.047,24.479166666666664,,,,
HI,"Maui","50 < 100 EHP",0.344,0.077,22.38372093023256,,,,
WA,"Snohomish","50 < 100 EHP",1.004,0.219,21.812749003984063,,,,
WA,"Spokane","50 < 100 EHP",1.724,0.355,20.591647331786543,,,,
CA,"Sutter","50 < 100 EHP",0.623,0.125,20.064205457463885,,,,
WA,"Whatcom","50 < 100 EHP",0.887,0.176,19.84216459977452,,,,
CA,"Siskiyou","50 < 100 EHP",0.335,0.066,19.701492537313435,,,,
OR,"Curry","50 < 100 EHP",0.165,0.032,19.393939393939394,,,,
WA,"Clark","50 < 100 EHP",0.251,0.047,18.725099601593627,,,,
OR,"Benton","50 < 100 EHP",0.465,0.085,18.27956989247312,,,,
WA,"Pend Oreille","50 < 100 EHP",0.212,0.038,17.92452830188679,,,,
OR,"Umatilla","50 < 100 EHP",0.526,0.094,17.870722433460077,,,,
NV,"Lyon","50 < 100 EHP",0.18,0.032,17.77777777777778,,,,
OR,"Deschutes","50 < 100 EHP",1.287,0.227,17.63791763791764,,,,
ID,"Bonner","50 < 100 EHP",0.403,0.07,17.3697270471464,,,,
WA,"Kitsap","50 < 100 EHP",0.219,0.038,17.35159817351598,,,,
HI,"Hawaii","50 < 100 EHP",1.169,0.194,16.595380667236956,,,,
HI,"Honolulu","50 < 100 EHP",0.775,0.124,16,,,,
CA,"Shasta","50 < 100 EHP",0.64,0.102,15.937499999999998,,,,
CA,"Placer","50 < 100 EHP",0.528,0.07,13.257575757575758,,,,
ID,"Latah","50 < 100 EHP",0.38,0.047,12.368421052631579,,,,
WA,"Stevens","50 < 100 EHP",0.695,0.085,12.230215827338132,,,,
WA,"Island","50 < 100 EHP",0.291,0.032,10.996563573883163,,,,
CA,"Yuba","50 < 100 EHP",0.475,0.047,9.894736842105264,,,,
ID,"Kootenai","50 < 100 EHP",0.54,0.047,8.703703703703704,,,,
CA,"Solano","50 < 100 EHP",1.17,0.094,8.034188034188034,,,,
HI,"Kauai","50 < 100 EHP",0.576,0.038,6.597222222222222,,,,
WA,"Yakima","50 < 100 EHP",4.357,0.279,6.40348863897177,,,,
CA,"Glenn","50 < 100 EHP",0.51,0.032,6.2745098039215685,,,,
WA,"Chelan","50 < 100 EHP",0.618,0.038,6.148867313915858,,,,
OR,"Lane","50 < 100 EHP",1.181,0.07,5.927180355630822,,,,
OR,"Klamath","50 < 100 EHP",0.644,0.038,5.900621118012422,,,,
OR,"Columbia","50 < 100 EHP",0.669,0.032,4.783258594917788,,,,
OR,"Douglas","50 < 100 EHP",0.99,0,0,,,,
OR,"Hood River","50 < 100 EHP",0.517,0,0,,,,
CA,"El Dorado","50 < 100 EHP",0.299,0,0,,,,
OR,"Lincoln","50 < 100 EHP",0.214,0,0,,,,
WA,"Grays Harbor","50 < 100 EHP",0.202,0,0,,,,
OR,"Lake","50 < 100 EHP",0.168,0,0,,,,
WA,"Cowlitz","50 < 100 EHP",0.142,0,0,,,,
ID,"Boundary","50 < 100 EHP",0.14,0,0,,,,
MT,"Lincoln","50 < 100 EHP",0.129,0,0,,,,
WA,"Pacific","50 < 100 EHP",0.126,0,0,,,,
OR,"Clatsop","50 < 100 EHP",0.105,0,0,,,,
CA,"Del Norte","50 < 100 EHP",0.095,0,0,,,,
WA,"Clallam","50 < 100 EHP",0.095,0,0,,,,
NV,"Lander","50 < 100 EHP",0.085,0,0,,,,
OR,"Harney","50 < 100 EHP",0.078,0,0,,,,
WA,"Skamania","50 < 100 EHP",0.074,0,0,,,,
CA,"Nevada","50 < 100 EHP",0.07,0,0,,,,
ID,"Nez Perce","50 < 100 EHP",0.067,0,0,,,,
WA,"Jefferson","50 < 100 EHP",0.064,0,0,,,,
WA,"Wahkiakum","50 < 100 EHP",0.047,0,0,,,,
NV,"Pershing","50 < 100 EHP",0.038,0,0,,,,
NV,"Humboldt","50 < 100 EHP",0.035,0,0,,,,
WA,"Douglas","50 < 100 EHP",0.035,0,0,,,,
CA,"Trinity","50 < 100 EHP",0.032,0,0,,,,
WA,"Asotin","50 < 100 EHP",0.032,0,0,,,,
CA,"Tuolumne","50 < 100 EHP",0.016,0,0,,,,
NV,"Carson City","50 < 100 EHP",0.016,0,0,,,,
NV,"Nye","50 < 100 EHP",0.01,0,0,,,,
WA,"Walla Walla","MID HAY",0.063,0.125,198.41269841269843,,,,
WA,"Lincoln","MID HAY",0.561,0.758,135.1158645276292,,,,
WA,"Asotin","MID HAY",0.054,0.054,100,,,,
OR,"Lincoln","MID HAY",0.089,0.089,100,,,,
ID,"Benewah","MID HAY",0.102,0.102,100,,,,
OR,"Clatsop","MID HAY",0.102,0.102,100,,,,
WA,"Kitsap","MID HAY",0.134,0.134,100,,,,
OR,"Multnomah","MID HAY",0.191,0.191,100,,,,
NV,"Pershing","MID HAY",0.219,0.219,100,,,,
WA,"King","MID HAY",0.415,0.415,100,,,,
CA,"Del Norte","MID HAY",0.531,0.531,100,,,,
CA,"Lassen","MID HAY",0.79,0.79,100,,,,
HI,"Honolulu","MID HAY",0.879,0.812,92.37770193401593,,,,
CA,"Placer","MID HAY",0.405,0.37,91.35802469135803,,,,
NV,"Lyon","MID HAY",2.109,1.895,89.85301090564248,,,,
ID,"Kootenai","MID HAY",2.042,1.776,86.97355533790403,,,,
WA,"Clark","MID HAY",0.201,0.172,85.57213930348257,,,,
CA,"Solano","MID HAY",0.345,0.278,80.57971014492755,,,,
CA,"Yuba","MID HAY",1.003,0.798,79.56131605184447,,,,
OR,"Marion","MID HAY",5.316,4.164,78.3295711060948,,,,
WA,"Kittitas","MID HAY",0.286,0.219,76.57342657342659,,,,
OR,"Umatilla","MID HAY",1.018,0.779,76.52259332023576,,,,
CA,"Tehama","MID HAY",1.267,0.959,75.69060773480663,,,,
WA,"Pend Oreille","MID HAY",0.147,0.107,72.78911564625851,,,,
OR,"Yamhill","MID HAY",2.716,1.972,72.60677466863034,,,,
CA,"Glenn","MID HAY",2.17,1.526,70.3225806451613,,,,
WA,"Mason","MID HAY",0.221,0.154,69.68325791855203,,,,
OR,"Lane","MID HAY",0.83,0.563,67.83132530120481,,,,
WA,"Grays Harbor","MID HAY",0.316,0.214,67.72151898734177,,,,
CA,"Colusa","MID HAY",2.69,1.779,66.13382899628253,,,,
CA,"Sacramento","MID HAY",1.745,1.153,66.07449856733524,,,,
OR,"Benton","MID HAY",0.832,0.545,65.5048076923077,,,,
WA,"Pierce","MID HAY",0.666,0.418,62.76276276276276,,,,
OR,"Douglas","MID HAY",1.092,0.665,60.89743589743589,,,,
CA,"Yolo","MID HAY",2.791,1.638,58.68864206377642,,,,
WA,"Spokane","MID HAY",1.882,1.057,56.163655685441014,,,,
OR,"Polk","MID HAY",0.967,0.541,55.94622543950363,,,,
OR,"Jefferson","MID HAY",1.11,0.598,53.87387387387387,,,,
WA,"Grant","MID HAY",2.242,1.166,52.007136485280995,,,,
OR,"Crook","MID HAY",1.097,0.526,47.94895168641751,,,,
CA,"Sutter","MID HAY",5.039,2.38,47.23159357015281,,,,
OR,"Harney","MID HAY",2.569,1.143,44.49202024133904,,,,
CA,"Modoc","MID HAY",1.645,0.712,43.28267477203647,,,,
WA,"Whitman","MID HAY",0.583,0.252,43.22469982847342,,,,
CA,"Butte","MID HAY",2.953,1.24,41.99119539451406,,,,
CA,"Shasta","MID HAY",0.915,0.381,41.63934426229508,,,,
CA,"Siskiyou","MID HAY",3.147,1.268,40.292341912932955,,,,
CA,"Humboldt","MID HAY",0.273,0.096,35.16483516483516,,,,
WA,"Skagit","MID HAY",0.899,0.315,35.03893214682981,,,,
WA,"Thurston","MID HAY",0.649,0.223,34.36055469953775,,,,
OR,"Linn","MID HAY",4.307,1.336,31.019270954260502,,,,
WA,"Pacific","MID HAY",0.22,0.067,30.454545454545457,,,,
WA,"Okanogan","MID HAY",0.409,0.124,30.317848410757946,,,,
ID,"Bonner","MID HAY",0.281,0.085,30.249110320284693,,,,
WA,"Whatcom","MID HAY",0.474,0.134,28.27004219409283,,,,
WA,"Wahkiakum","MID HAY",0.154,0.038,24.675324675324674,,,,
OR,"Clackamas","MID HAY",0.76,0.169,22.23684210526316,,,,
OR,"Lake","MID HAY",2.581,0.526,20.379697791553664,,,,
OR,"Jackson","MID HAY",1.025,0.196,19.121951219512198,,,,
OR,"Coos","MID HAY",0.558,0.102,18.279569892473116,,,,
WA,"Yakima","MID HAY",2.152,0.388,18.029739776951672,,,,
WA,"Stevens","MID HAY",0.463,0.07,15.118790496760258,,,,
NV,"Churchill","MID HAY",1.011,0.125,12.363996043521269,,,,
OR,"Klamath","MID HAY",1.239,0.045,3.631961259079903,,,,
WA,"Ferry","MID HAY",0.018,0,0,,,,
ID,"Latah","MID HAY",0.032,0,0,,,,
OR,"Hood River","MID HAY",0.033,0,0,,,,
OR,"Wasco","MID HAY",0.051,0,0,,,,
WA,"Clallam","MID HAY",0.052,0,0,,,,
MT,"Lincoln","MID HAY",0.055,0,0,,,,
WA,"Cowlitz","MID HAY",0.085,0,0,,,,
WA,"Garfield","MID HAY",0.089,0,0,,,,
NV,"Eureka","MID HAY",0.134,0,0,,,,
NV,"Washoe","MID HAY",0.134,0,0,,,,
MT,"Sanders","MID HAY",0.187,0,0,,,,
ID,"Boundary","MID HAY",0.23,0,0,,,,
WA,"Island","MID HAY",0.255,0,0,,,,
WA,"Snohomish","MID HAY",0.29,0,0,,,,
HI,"Kauai","MID HAY",0.292,0,0,,,,
WA,"Chelan","MID HAY",0.334,0,0,,,,
WA,"Lewis","MID HAY",0.35,0,0,,,,
NV,"Humboldt","MID HAY",0.407,0,0,,,,
HI,"Maui","MID HAY",0.42,0,0,,,,
NV,"Lander","MID HAY",0.434,0,0,,,,
OR,"Tillamook","MID HAY",0.815,0,0,,,,
OR,"Washington","MID HAY",1.068,0,0,,,,
OR,"Deschutes","MID HAY",1.513,0,0,,,,
OR,"Umatilla","LARGE AG",18.273,29.008,158.74787938488478,,,,
WA,"Lincoln","LARGE AG",4.98,6.626,133.05220883534136,,,,
WA,"Grant","LARGE AG",8.865,10.047,113.33333333333333,,,,
OR,"Crook","LARGE AG",0.035,0.035,100,,,,
OR,"Jackson","LARGE AG",0.242,0.242,100,,,,
CA,"Modoc","LARGE AG",0.242,0.242,100,,,,
CA,"Del Norte","LARGE AG",0.242,0.242,100,,,,
HI,"Maui","LARGE AG",0.343,0.343,100,,,,
OR,"Deschutes","LARGE AG",0.35,0.35,100,,,,
WA,"Okanogan","LARGE AG",0.484,0.484,100,,,,
HI,"Kauai","LARGE AG",0.55,0.55,100,,,,
CA,"Placer","LARGE AG",1.105,1.105,100,,,,
HI,"Honolulu","LARGE AG",1.237,1.237,100,,,,
CA,"Shasta","LARGE AG",1.237,1.237,100,,,,
ID,"Kootenai","LARGE AG",8.86,8.86,100,,,,
WA,"Whitman","LARGE AG",15.441,12,77.71517388770157,,,,
CA,"Yolo","LARGE AG",3.907,2.321,59.406194010749935,,,,
OR,"Marion","LARGE AG",8.238,4.804,58.31512503034718,,,,
CA,"Sutter","LARGE AG",1.819,1.037,57.009345794392516,,,,
OR,"Linn","LARGE AG",9.249,5.148,55.660071359065846,,,,
OR,"Benton","LARGE AG",0.622,0.343,55.14469453376206,,,,
NV,"Lyon","LARGE AG",0.954,0.518,54.29769392033543,,,,
CA,"Butte","LARGE AG",3.811,1.99,52.21726580949883,,,,
WA,"Spokane","LARGE AG",9.086,4.301,47.336561743341406,,,,
WA,"Skagit","LARGE AG",2.273,1.037,45.622525296964355,,,,
CA,"Sacramento","LARGE AG",4.123,1.709,41.45040019403347,,,,
CA,"Glenn","LARGE AG",1.887,0.736,39.00370959194488,,,,
CA,"Colusa","LARGE AG",4.217,1.562,37.04055015413802,,,,
OR,"Washington","LARGE AG",1.839,0.548,29.798803697661775,,,,
ID,"Latah","LARGE AG",7.359,1.633,22.190515015627124,,,,
WA,"Whatcom","LARGE AG",3.792,0.736,19.409282700421944,,,,
OR,"Polk","LARGE AG",4.121,0.797,19.339966027663188,,,,
OR,"Yamhill","LARGE AG",1.784,0.279,15.6390134529148,,,,
ID,"Nez Perce","LARGE AG",3.939,0.134,3.4018786494034017,,,,
NV,"Humboldt","LARGE AG",0.326,0,0,,,,
OR,"Lake","LARGE AG",0.343,0,0,,,,
OR,"Lane","LARGE AG",0.35,0,0,,,,
OR,"Harney","LARGE AG",0.389,0,0,,,,
WA,"Yakima","LARGE AG",0.477,0,0,,,,
CA,"Siskiyou","LARGE AG",0.518,0,0,,,,
CA,"Solano","LARGE AG",0.587,0,0,,,,
ID,"Benewah","LARGE AG",0.628,0,0,,,,
OR,"Lincoln","LARGE AG",0.718,0,0,,,,
NV,"Churchill","LARGE AG",0.718,0,0,,,,
OR,"Tillamook","LARGE AG",0.742,0,0,,,,
CA,"Yuba","LARGE AG",1.517,0,0,,,,
OR,"Jefferson","LARGE AG",1.691,0,0,,,,
WA,"Columbia","LARGE AG",3.459,0,0,,,,
WA,"Walla Walla","LARGE AG",4.98,0,0,,,,
CA,"Kings","CCE",0.409,0.205,50.12224938875306,,,,
CA,"Lassen","CCE",0.254,0.126,49.60629921259843,,,,
WA,"Walla Walla","CCE",0.62,0.284,45.80645161290322,,,,
NV,"Churchill","CCE",0.416,0.189,45.432692307692314,,,,
OR,"Yamhill","CCE",3.945,1.696,42.99112801013942,,,,
WA,"Lincoln","CCE",0.32,0.134,41.875,,,,
CA,"Monterey","CCE",3.073,1.205,39.2124959323137,,,,
CA,"Calaveras","CCE",1.616,0.591,36.571782178217816,,,,
OR,"Clatsop","CCE",1.208,0.426,35.264900662251655,,,,
WA,"Whitman","CCE",0.575,0.201,34.956521739130444,,,,
ID,"Clearwater","CCE",0.304,0.103,33.88157894736842,,,,
WA,"Columbia","CCE",0.425,0.139,32.70588235294118,,,,
OR,"Wallowa","CCE",0.171,0.052,30.409356725146196,,,,
OR,"Curry","CCE",1.13,0.342,30.26548672566372,,,,
CA,"Alameda","CCE",6.627,1.977,29.83250339520145,,,,
CA,"Plumas","CCE",0.765,0.224,29.28104575163399,,,,
CA,"San Benito","CCE",0.528,0.154,29.166666666666664,,,,
ID,"Idaho","CCE",0.649,0.189,29.12172573189522,,,,
CA,"Del Norte","CCE",0.472,0.132,27.966101694915256,,,,
NV,"Storey","CCE",0.228,0.062,27.192982456140353,,,,
WA,"San Juan","CCE",0.801,0.213,26.591760299625467,,,,
WA,"Chelan","CCE",2.259,0.591,26.162018592297475,,,,
NV,"Mineral","CCE",0.201,0.052,25.870646766169152,,,,
ID,"Shoshone","CCE",0.457,0.116,25.38293216630197,,,,
WA,"Kittitas","CCE",1.5,0.373,24.866666666666667,,,,
WA,"King","CCE",20.627,4.813,23.3334949338246,,,,
CA,"Madera","CCE",0.928,0.215,23.16810344827586,,,,
CA,"Contra Costa","CCE",2.961,0.676,22.830124957784534,,,,
CA,"Sonoma","CCE",6.387,1.417,22.185689682166903,,,,
WA,"Grays Harbor","CCE",1.525,0.335,21.9672131147541,,,,
ID,"Bonner","CCE",5.271,1.157,21.950294061847845,,,,
WA,"Skagit","CCE",4.626,0.996,21.53047989623865,,,,
WA,"Snohomish","CCE",13.699,2.902,21.18402803124316,,,,
CA,"Santa Cruz","CCE",1.48,0.313,21.14864864864865,,,,
OR,"Polk","CCE",1.627,0.344,21.14320835894284,,,,
CA,"Santa Clara","CCE",6.049,1.277,21.11092742602083,,,,
WA,"Pierce","CCE",24.983,5.005,20.033622863547212,,,,
OR,"Columbia","CCE",1.57,0.311,19.808917197452228,,,,
OR,"Klamath","CCE",3.097,0.598,19.309008718114303,,,,
OR,"Douglas","CCE",4.179,0.786,18.80832735104092,,,,
WA,"Spokane","CCE",13.06,2.402,18.392036753445637,,,,
WA,"Yakima","CCE",3.46,0.629,18.179190751445088,,,,
WA,"Benton","CCE",1.797,0.317,17.640511964385087,,,,
WA,"Clark","CCE",7.688,1.344,17.48178980228928,,,,
CA,"Sacramento","CCE",12.408,2.152,17.34364925854288,,,,
OR,"Umatilla","CCE",1.051,0.181,17.221693625118935,,,,
WA,"Franklin","CCE",2.221,0.375,16.884286357496624,,,,
CA,"Solano","CCE",2.779,0.469,16.876574307304786,,,,
OR,"Clackamas","CCE",10.811,1.813,16.769956525760797,,,,
OR,"Multnomah","CCE",7.114,1.177,16.54484115827945,,,,
ID,"Latah","CCE",1.122,0.181,16.131907308377894,,,,
OR,"Washington","CCE",5.148,0.822,15.967365967365968,,,,
WA,"Grant","CCE",2.118,0.336,15.864022662889521,,,,
CA,"Marin","CCE",0.698,0.11,15.759312320916907,,,,
WA,"Cowlitz","CCE",3.669,0.57,15.535568274734256,,,,
NV,"Douglas","CCE",1.857,0.282,15.185783521809368,,,,
CA,"Mariposa","CCE",0.376,0.056,14.893617021276595,,,,
NV,"Carson City","CCE",1.466,0.217,14.80218281036835,,,,
CA,"Siskiyou","CCE",2.212,0.325,14.69258589511754,,,,
OR,"Linn","CCE",4.352,0.637,14.636948529411764,,,,
WA,"Douglas","CCE",0.779,0.114,14.634146341463413,,,,
WA,"Lewis","CCE",3.994,0.58,14.521782674011014,,,,
CA,"Fresno","CCE",4.816,0.677,14.057308970099669,,,,
OR,"Marion","CCE",10.774,1.439,13.35622795619083,,,,
OR,"Lane","CCE",9.352,1.242,13.280581693755348,,,,
ID,"Nez Perce","CCE",1.229,0.163,13.262815296989421,,,,
OR,"Lake","CCE",0.806,0.103,12.779156327543422,,,,
WA,"Okanogan","CCE",0.862,0.109,12.645011600928074,,,,
CA,"Amador","CCE",0.467,0.059,12.633832976445394,,,,
HI,"Honolulu","CCE",9.476,1.166,12.304769945124523,,,,
ID,"Benewah","CCE",0.521,0.062,11.900191938579654,,,,
CA,"San Mateo","CCE",1.77,0.208,11.75141242937853,,,,
OR,"Crook","CCE",2.013,0.235,11.674118231495282,,,,
CA,"Napa","CCE",1.204,0.139,11.544850498338873,,,,
OR,"Wasco","CCE",0.55,0.062,11.272727272727272,,,,
CA,"San Francisco","CCE",0.92,0.103,11.195652173913043,,,,
CA,"Yolo","CCE",4.261,0.467,10.959868575451774,,,,
WA,"Thurston","CCE",5.807,0.631,10.866195970380575,,,,
CA,"Lake","CCE",1.123,0.103,9.17186108637578,,,,
OR,"Josephine","CCE",2.368,0.215,9.079391891891893,,,,
OR,"Deschutes","CCE",11.392,1.03,9.041432584269664,,,,
CA,"Tuolumne","CCE",1.253,0.113,9.018355945730248,,,,
WA,"Island","CCE",2.303,0.203,8.814589665653497,,,,
ID,"Boundary","CCE",1.586,0.139,8.764186633039092,,,,
CA,"Glenn","CCE",0.691,0.059,8.538350217076701,,,,
CA,"Yuba","CCE",1.272,0.103,8.09748427672956,,,,
OR,"Benton","CCE",0.937,0.075,8.004268943436498,,,,
CA,"San Joaquin","CCE",6.666,0.523,7.845784578457845,,,,
OR,"Jackson","CCE",10.775,0.841,7.805104408352667,,,,
HI,"Kauai","CCE",5.582,0.413,7.39878179863848,,,,
CA,"Shasta","CCE",8.984,0.611,6.800979519145146,,,,
CA,"Merced","CCE",3.008,0.194,6.449468085106383,,,,
WA,"Jefferson","CCE",0.969,0.062,6.398348813209495,,,,
WA,"Kitsap","CCE",4.612,0.282,6.114483954900259,,,,
CA,"Stanislaus","CCE",5.471,0.328,5.995247669530251,,,,
CA,"Colusa","CCE",0.882,0.052,5.895691609977324,,,,
ID,"Kootenai","CCE",11.115,0.606,5.4520917678812415,,,,
CA,"Butte","CCE",5.96,0.317,5.318791946308725,,,,
CA,"Sutter","CCE",3.261,0.172,5.2744556884391285,,,,
CA,"Nevada","CCE",2.933,0.154,5.250596658711217,,,,
CA,"Placer","CCE",8.631,0.446,5.167419765959911,,,,
OR,"Coos","CCE",2.021,0.103,5.096486887679367,,,,
HI,"Maui","CCE",6.638,0.329,4.95631214221151,,,,
CA,"Mendocino","CCE",2.082,0.103,4.9471661863592695,,,,
CA,"Humboldt","CCE",3.259,0.148,4.541270328321571,,,,
WA,"Whatcom","CCE",6.89,0.293,4.252539912917271,,,,
CA,"Tehama","CCE",1.226,0.052,4.241435562805872,,,,
WA,"Mason","CCE",1.853,0.075,4.0474905558553695,,,,
HI,"Hawaii","CCE",9.317,0.373,4.003434581946978,,,,
WA,"Clallam","CCE",2.141,0.075,3.503035964502569,,,,
CA,"El Dorado","CCE",4.821,0.154,3.194358017008919,,,,
WA,"Stevens","CCE",2.739,0.059,2.154070828769624,,,,
NV,"Washoe","CCE",13.532,0.266,1.9657109074785695,,,,
OR,"Sherman","CCE",0.029,0,0,,,,
ID,"Lewis","CCE",0.051,0,0,,,,
WA,"Ferry","CCE",0.052,0,0,,,,
HI,"Kalawao","CCE",0.062,0,0,,,,
CA,"Sierra","CCE",0.075,0,0,,,,
WA,"Adams","CCE",0.075,0,0,,,,
WA,"Garfield","CCE",0.075,0,0,,,,
OR,"Gilliam","CCE",0.105,0,0,,,,
NV,"Pershing","CCE",0.151,0,0,,,,
OR,"Wheeler","CCE",0.151,0,0,,,,
CA,"Trinity","CCE",0.169,0,0,,,,
WA,"Wahkiakum","CCE",0.196,0,0,,,,
WA,"Asotin","CCE",0.237,0,0,,,,
WA,"Skamania","CCE",0.265,0,0,,,,
WA,"Pend Oreille","CCE",0.276,0,0,,,,
MT,"Sanders","CCE",0.289,0,0,,,,
OR,"Baker","CCE",0.338,0,0,,,,
NV,"Lander","CCE",0.34,0,0,,,,
OR,"Morrow","CCE",0.377,0,0,,,,
OR,"Grant","CCE",0.445,0,0,,,,
OR,"Union","CCE",0.46,0,0,,,,
WA,"Klickitat","CCE",0.527,0,0,,,,
NV,"Humboldt","CCE",0.568,0,0,,,,
WA,"Pacific","CCE",0.648,0,0,,,,
NV,"Lyon","CCE",0.65,0,0,,,,
OR,"Harney","CCE",0.681,0,0,,,,
OR,"Hood River","CCE",0.725,0,0,,,,
OR,"Lincoln","CCE",1.118,0,0,,,,
MT,"Lincoln","CCE",1.2,0,0,,,,
OR,"Tillamook","CCE",1.868,0,0,,,,
OR,"Jefferson","CCE",1.959,0,0,,,,
CA,"Tulare","CCE",2.598,0,0,,,,
CA,"Butte","PAES",,,,47,4.95,71.4,41.12
CA,"Colusa","PAES",,,,39,1.49,71.4,37.3
CA,"El Dorado","PAES",,,,100,0,71.4,57.13
CA,"Glenn","PAES",,,,39,2.94,71.4,37.78
CA,"Humboldt","PAES",,,,2023,438.23,71.4,844.21
CA,"Lassen","PAES",,,,59,17.06,71.4,49.15
CA,"Modoc","PAES",,,,92,23.81,71.4,62.4
CA,"Mono","PAES",,,,1,0,71.4,24.13
CA,"Placer","PAES",,,,9,0,71.4,26.8
CA,"Plumas","PAES",,,,4,0,71.4,25.13
CA,"Sacramento","PAES",,,,27,2.69,71.4,33.7
CA,"Shasta","PAES",,,,951,89,71.4,370.47
CA,"Sierra","PAES",,,,0,0,71.4,23.8
CA,"Siskiyou","PAES",,,,73,30.58,71.4,58.33
CA,"Solano","PAES",,,,34,0.13,71.4,35.18
CA,"Sutter","PAES",,,,49,5.23,71.4,41.88
CA,"Tehama","PAES",,,,31,0,71.4,34.13
CA,"Tuolumne","PAES",,,,100,0,71.4,57.13
CA,"Yolo","PAES",,,,69,4.55,71.4,48.32
CA,"Yuba","PAES",,,,58,5.4,71.4,44.93
ID,"Benewah","PAES",,,,57,11.03,71.4,46.48
ID,"Bonner","PAES",,,,99,0,71.4,56.8
ID,"Boundary","PAES",,,,43,21.23,71.4,45.21
ID,"Kootenai","PAES",,,,77,22.49,71.4,56.96
ID,"Latah","PAES",,,,27,8.76,71.4,35.72
ID,"Nez Perce","PAES",,,,26,6.89,71.4,34.76
MT,"Lincoln","PAES",,,,0,0,71.4,23.8
MT,"Sanders","PAES",,,,0,0,71.4,23.8
NV,"Churchill","PAES",,,,4,0,71.4,25.13
NV,"Douglas","PAES",,,,0,0,71.4,23.8
NV,"Esmeralda","PAES",,,,198,418.76,71.4,229.39
NV,"Eureka","PAES",,,,97,276.82,71.4,148.41
NV,"Humboldt","PAES",,,,29,40.04,71.4,46.81
NV,"Lander","PAES",,,,0,0,71.4,23.8
NV,"Lyon","PAES",,,,93,94.87,71.4,86.42
NV,"Mineral","PAES",,,,0,0,71.4,23.8
NV,"Nye","PAES",,,,0,0,71.4,23.8
NV,"Pershing","PAES",,,,23,63.38,71.4,52.59
NV,"Storey","PAES",,,,100,0,71.4,57.13
NV,"Washoe","PAES",,,,4,0,71.4,25.13
OR,"Benton","PAES",,,,417,36.81,71.4,175.07
OR,"Clackamas","PAES",,,,472,67.09,71.4,203.5
OR,"Clatsop","PAES",,,,13831,0,71.4,4634.13
OR,"Columbia","PAES",,,,400,14.99,71.4,162.13
OR,"Coos","PAES",,,,0,0,71.4,23.8
OR,"Crook","PAES",,,,475,159.6,71.4,235.33
OR,"Deschutes","PAES",,,,523,17.24,71.4,203.88
OR,"Douglas","PAES",,,,257,0,71.4,109.47
OR,"Harney","PAES",,,,46,11.91,71.4,43.1
OR,"Hood River","PAES",,,,55,0,71.4,42.13
OR,"Jackson","PAES",,,,82,0,71.4,51.13
OR,"Jefferson","PAES",,,,338,58.25,71.4,155.88
OR,"Josephine","PAES",,,,127,0,71.4,66.13
OR,"Klamath","PAES",,,,80,22.69,71.4,58.03
OR,"Lake","PAES",,,,109,1.59,71.4,60.66
OR,"Lane","PAES",,,,380,52.21,71.4,167.87
OR,"Lincoln","PAES",,,,100,0,71.4,57.13
OR,"Linn","PAES",,,,1386,318.72,71.4,592.04
OR,"Marion","PAES",,,,376,83.57,71.4,176.99
OR,"Multnomah","PAES",,,,806,127.78,71.4,335.06
OR,"Polk","PAES",,,,577,133.67,71.4,260.69
OR,"Tillamook","PAES",,,,544,57.58,71.4,224.33
OR,"Umatilla","PAES",,,,93,26.92,71.4,63.77
OR,"Wasco","PAES",,,,19,0.01,71.4,30.14
OR,"Washington","PAES",,,,33,1.21,71.4,35.2
OR,"Wheeler","PAES",,,,312,0,71.4,127.8
OR,"Yamhill","PAES",,,,248,49.01,71.4,122.8
WA,"Asotin","PAES",,,,43,0.01,71.4,38.14
WA,"Chelan","PAES",,,,2,0,71.4,24.47
WA,"Clallam","PAES",,,,1,0,71.4,24.13
WA,"Clark","PAES",,,,71,0,71.4,47.47
WA,"Columbia","PAES",,,,24,6.81,71.4,34.07
WA,"Cowlitz","PAES",,,,1022,189.46,71.4,427.62
WA,"Douglas","PAES",,,,14,1.8,71.4,29.07
WA,"Ferry","PAES",,,,0,0,71.4,23.8
WA,"Garfield","PAES",,,,98,5.66,71.4,58.35
WA,"Grant","PAES",,,,117,55.32,71.4,81.24
WA,"Grays Harbor","PAES",,,,189,0,71.4,86.8
WA,"Island","PAES",,,,75,0,71.4,48.8
WA,"King","PAES",,,,487,58.29,71.4,205.56
WA,"Kitsap","PAES",,,,100,0,71.4,57.13
WA,"Kittitas","PAES",,,,90,26.93,71.4,62.78
WA,"Lewis","PAES",,,,175,0,71.4,82.13
WA,"Lincoln","PAES",,,,58,8.82,71.4,46.07
WA,"Mason","PAES",,,,100,0,71.4,57.13
WA,"Okanogan","PAES",,,,10,0,71.4,27.13
WA,"Pend Oreille","PAES",,,,0,0,71.4,23.8
WA,"Pierce","PAES",,,,193,0,71.4,88.13
WA,"San Juan","PAES",,,,32,0,71.4,34.47
WA,"Skagit","PAES",,,,459,115.92,71.4,215.44
WA,"Skamania","PAES",,,,100,0,71.4,57.13
WA,"Snohomish","PAES",,,,104,0.01,71.4,58.47
WA,"Spokane","PAES",,,,45,11.07,71.4,42.49
WA,"Stevens","PAES",,,,11,6.33,71.4,29.58
WA,"Thurston","PAES",,,,100,0,71.4,57.13
WA,"Walla Walla","PAES",,,,70,11.36,71.4,50.92
WA,"Whatcom","PAES",,,,174,24.6,71.4,90
WA,"Whitman","PAES",,,,44,11.22,71.4,42.21
WA,"Yakima","PAES",,,,124,33.61,71.4,76.34